﻿<?xml version="1.0" encoding="utf-8"?>
<abapGit version="v1.0.0" serializer="LCL_OBJECT_TABL" serializer_version="v1.0.0">
 <asx:abap xmlns:asx="http://www.sap.com/abapxml" version="1.0">
  <asx:values>
   <DD02V>
    <TABNAME>ZAFL_LOG</TABNAME>
    <DDLANGUAGE>E</DDLANGUAGE>
    <TABCLASS>TRANSP</TABCLASS>
    <CLIDEP>X</CLIDEP>
    <DDTEXT>Data Records</DDTEXT>
    <CONTFLAG>A</CONTFLAG>
    <EXCLASS>1</EXCLASS>
   </DD02V>
   <DD09L>
    <TABNAME>ZAFL_LOG</TABNAME>
    <AS4LOCAL>A</AS4LOCAL>
    <TABKAT>2</TABKAT>
    <TABART>APPL0</TABART>
    <BUFALLOW>N</BUFALLOW>
   </DD09L>
   <DD03P_TABLE>
    <DD03P>
     <TABNAME>ZAFL_LOG</TABNAME>
     <FIELDNAME>MANDT</FIELDNAME>
     <POSITION>0001</POSITION>
     <KEYFLAG>X</KEYFLAG>
     <ROLLNAME>MANDT</ROLLNAME>
     <ADMINFIELD>0</ADMINFIELD>
     <NOTNULL>X</NOTNULL>
     <COMPTYPE>E</COMPTYPE>
    </DD03P>
    <DD03P>
     <TABNAME>ZAFL_LOG</TABNAME>
     <FIELDNAME>GUID</FIELDNAME>
     <POSITION>0002</POSITION>
     <KEYFLAG>X</KEYFLAG>
     <ROLLNAME>GUID</ROLLNAME>
     <ADMINFIELD>0</ADMINFIELD>
     <NOTNULL>X</NOTNULL>
     <COMPTYPE>E</COMPTYPE>
    </DD03P>
    <DD03P>
     <TABNAME>ZAFL_LOG</TABNAME>
     <FIELDNAME>FNAME</FIELDNAME>
     <POSITION>0003</POSITION>
     <ROLLNAME>RS38L_FNAM</ROLLNAME>
     <ADMINFIELD>0</ADMINFIELD>
     <COMPTYPE>E</COMPTYPE>
    </DD03P>
    <DD03P>
     <TABNAME>ZAFL_LOG</TABNAME>
     <FIELDNAME>CUST_FIELD1</FIELDNAME>
     <POSITION>0004</POSITION>
     <ROLLNAME>ZAFL_CUST_FIELD1</ROLLNAME>
     <ADMINFIELD>0</ADMINFIELD>
     <COMPTYPE>E</COMPTYPE>
    </DD03P>
    <DD03P>
     <TABNAME>ZAFL_LOG</TABNAME>
     <FIELDNAME>CUST_FIELD2</FIELDNAME>
     <POSITION>0005</POSITION>
     <ROLLNAME>ZAFL_CUST_FIELD1</ROLLNAME>
     <ADMINFIELD>0</ADMINFIELD>
     <COMPTYPE>E</COMPTYPE>
    </DD03P>
    <DD03P>
     <TABNAME>ZAFL_LOG</TABNAME>
     <FIELDNAME>CUST_FIELD3</FIELDNAME>
     <POSITION>0006</POSITION>
     <ROLLNAME>ZAFL_CUST_FIELD3</ROLLNAME>
     <ADMINFIELD>0</ADMINFIELD>
     <COMPTYPE>E</COMPTYPE>
    </DD03P>
    <DD03P>
     <TABNAME>ZAFL_LOG</TABNAME>
     <FIELDNAME>STATUS</FIELDNAME>
     <POSITION>0007</POSITION>
     <ROLLNAME>ZAFL_CUST_STATUS</ROLLNAME>
     <ADMINFIELD>0</ADMINFIELD>
     <COMPTYPE>E</COMPTYPE>
    </DD03P>
    <DD03P>
     <TABNAME>ZAFL_LOG</TABNAME>
     <FIELDNAME>TIMESTAMP</FIELDNAME>
     <POSITION>0008</POSITION>
     <ROLLNAME>TIMESTAMP</ROLLNAME>
     <ADMINFIELD>0</ADMINFIELD>
     <COMPTYPE>E</COMPTYPE>
    </DD03P>
    <DD03P>
     <TABNAME>ZAFL_LOG</TABNAME>
     <FIELDNAME>TIME_COST</FIELDNAME>
     <POSITION>0009</POSITION>
     <ROLLNAME>TZNTSTMPL</ROLLNAME>
     <ADMINFIELD>0</ADMINFIELD>
     <COMPTYPE>E</COMPTYPE>
    </DD03P>
    <DD03P>
     <TABNAME>ZAFL_LOG</TABNAME>
     <FIELDNAME>UNAME</FIELDNAME>
     <POSITION>0010</POSITION>
     <ROLLNAME>UNAME</ROLLNAME>
     <ADMINFIELD>0</ADMINFIELD>
     <COMPTYPE>E</COMPTYPE>
    </DD03P>
    <DD03P>
     <TABNAME>ZAFL_LOG</TABNAME>
     <FIELDNAME>MESSAGE</FIELDNAME>
     <POSITION>0011</POSITION>
     <ROLLNAME>BAPI_MSG</ROLLNAME>
     <ADMINFIELD>0</ADMINFIELD>
     <COMPTYPE>E</COMPTYPE>
    </DD03P>
    <DD03P>
     <TABNAME>ZAFL_LOG</TABNAME>
     <FIELDNAME>IMPORT</FIELDNAME>
     <DDLANGUAGE>E</DDLANGUAGE>
     <POSITION>0012</POSITION>
     <ADMINFIELD>0</ADMINFIELD>
     <INTTYPE>g</INTTYPE>
     <INTLEN>000008</INTLEN>
     <DATATYPE>STRG</DATATYPE>
     <MASK>  STRG</MASK>
     <DDTEXT>Import Parameters</DDTEXT>
    </DD03P>
    <DD03P>
     <TABNAME>ZAFL_LOG</TABNAME>
     <FIELDNAME>EXPORT</FIELDNAME>
     <DDLANGUAGE>E</DDLANGUAGE>
     <POSITION>0013</POSITION>
     <ADMINFIELD>0</ADMINFIELD>
     <INTTYPE>g</INTTYPE>
     <INTLEN>000008</INTLEN>
     <DATATYPE>STRG</DATATYPE>
     <MASK>  STRG</MASK>
     <DDTEXT>Export Parameters</DDTEXT>
    </DD03P>
    <DD03P>
     <TABNAME>ZAFL_LOG</TABNAME>
     <FIELDNAME>TABLE_IN</FIELDNAME>
     <DDLANGUAGE>E</DDLANGUAGE>
     <POSITION>0014</POSITION>
     <ADMINFIELD>0</ADMINFIELD>
     <INTTYPE>g</INTTYPE>
     <INTLEN>000008</INTLEN>
     <DATATYPE>STRG</DATATYPE>
     <MASK>  STRG</MASK>
     <DDTEXT>Tables Input</DDTEXT>
    </DD03P>
    <DD03P>
     <TABNAME>ZAFL_LOG</TABNAME>
     <FIELDNAME>TABLE_OUT</FIELDNAME>
     <DDLANGUAGE>E</DDLANGUAGE>
     <POSITION>0015</POSITION>
     <ADMINFIELD>0</ADMINFIELD>
     <INTTYPE>g</INTTYPE>
     <INTLEN>000008</INTLEN>
     <DATATYPE>STRG</DATATYPE>
     <MASK>  STRG</MASK>
     <DDTEXT>Tables Output</DDTEXT>
    </DD03P>
    <DD03P>
     <TABNAME>ZAFL_LOG</TABNAME>
     <FIELDNAME>CHANGE_IN</FIELDNAME>
     <DDLANGUAGE>E</DDLANGUAGE>
     <POSITION>0016</POSITION>
     <ADMINFIELD>0</ADMINFIELD>
     <INTTYPE>g</INTTYPE>
     <INTLEN>000008</INTLEN>
     <DATATYPE>STRG</DATATYPE>
     <MASK>  STRG</MASK>
     <DDTEXT>Change Input</DDTEXT>
    </DD03P>
    <DD03P>
     <TABNAME>ZAFL_LOG</TABNAME>
     <FIELDNAME>CHANGE_OUT</FIELDNAME>
     <DDLANGUAGE>E</DDLANGUAGE>
     <POSITION>0017</POSITION>
     <ADMINFIELD>0</ADMINFIELD>
     <INTTYPE>g</INTTYPE>
     <INTLEN>000008</INTLEN>
     <DATATYPE>STRG</DATATYPE>
     <MASK>  STRG</MASK>
     <DDTEXT>Change Output</DDTEXT>
    </DD03P>
   </DD03P_TABLE>
  </asx:values>
 </asx:abap>
</abapGit>
