﻿<?xml version="1.0" encoding="utf-8"?>
<abapGit version="v1.0.0" serializer="LCL_OBJECT_DTEL" serializer_version="v1.0.0">
 <asx:abap xmlns:asx="http://www.sap.com/abapxml" version="1.0">
  <asx:values>
   <DD04V>
    <ROLLNAME>ZAFL_NO_AUTH_CHECK</ROLLNAME>
    <DDLANGUAGE>E</DDLANGUAGE>
    <DOMNAME>XFELD</DOMNAME>
    <HEADLEN>55</HEADLEN>
    <SCRLEN1>10</SCRLEN1>
    <SCRLEN2>20</SCRLEN2>
    <SCRLEN3>40</SCRLEN3>
    <DDTEXT>Reprocess without authority check</DDTEXT>
    <REPTEXT>reprocess without authority check</REPTEXT>
    <SCRTEXT_S>No Auth</SCRTEXT_S>
    <SCRTEXT_M>no authority check</SCRTEXT_M>
    <SCRTEXT_L>reprocess without authority check</SCRTEXT_L>
    <DTELMASTER>E</DTELMASTER>
    <REFKIND>D</REFKIND>
   </DD04V>
   <I18N_LANGS>
    <LANGU>1</LANGU>
   </I18N_LANGS>
   <DD04_TEXTS>
    <item>
     <DDLANGUAGE>1</DDLANGUAGE>
     <DDTEXT>重处理时不检查权限</DDTEXT>
     <REPTEXT>重处理时不检查权限</REPTEXT>
     <SCRTEXT_S>不检查权限</SCRTEXT_S>
     <SCRTEXT_M>重处理时不检查权限</SCRTEXT_M>
     <SCRTEXT_L>重处理时不检查权限</SCRTEXT_L>
    </item>
   </DD04_TEXTS>
  </asx:values>
 </asx:abap>
</abapGit>
